INSERT Countries
	(Id, AreaCode, Code, Name, CreatedAt, UpdatedAt)
VALUES
	(CAST('FF67F5DA-3F93-4DF6-B14F-77D46E9B71DC' AS UNIQUEIDENTIFIER), 54, 'AR', 'Argentina', GETDATE(), GETDATE()),
	(CAST('746970C0-B6F7-4B60-9379-00FC6B0E0304' AS UNIQUEIDENTIFIER), 55, 'BR', 'Brasil', GETDATE(), GETDATE()),
	(CAST('65644423-D3D0-4072-918C-D8C8651E19C0' AS UNIQUEIDENTIFIER), 52, 'MX', 'México', GETDATE(), GETDATE()),
	(CAST('38A5872E-C242-4A1D-8F6E-F5D8339908F0' AS UNIQUEIDENTIFIER), 57, 'CO', 'Colombia', GETDATE(), GETDATE()),
	(CAST('A59C9D12-0505-47A2-8A74-942A35143CA8' AS UNIQUEIDENTIFIER), 51, 'PE', 'Perú', GETDATE(), GETDATE()),
	(CAST('281FC100-5415-4B75-9CF2-D20C32E8C24C' AS UNIQUEIDENTIFIER), 58, 'VE', 'Venezuela', GETDATE(), GETDATE()),
	(CAST('CBAA16EF-3E69-4F1B-A822-4C4F3B21BCED' AS UNIQUEIDENTIFIER), 56, 'CL', 'Chile', GETDATE(), GETDATE()),
	(CAST('052E2F7B-B42D-4569-96F9-1597691C3CED' AS UNIQUEIDENTIFIER), 593, 'EC', 'Ecuador', GETDATE(), GETDATE()),
	(CAST('6395A69A-686D-4525-8D9E-4D17E4126719' AS UNIQUEIDENTIFIER), 591, 'BO', 'Bolivia', GETDATE(), GETDATE()),
	(CAST('B2200BDA-888B-4BD9-972B-447FB7F2057C' AS UNIQUEIDENTIFIER), 595, 'PY', 'Paraguay', GETDATE(), GETDATE()),
	(CAST('7FAADFAD-A698-4315-98DD-8B223D2986B3' AS UNIQUEIDENTIFIER), 598, 'UY', 'Uruguay', GETDATE(), GETDATE()),
	(CAST('74291D9F-B78A-4293-824B-DCF5FA937F82' AS UNIQUEIDENTIFIER), 506, 'CR', 'Costa Rica', GETDATE(), GETDATE()),
	(CAST('043E580B-E32A-4987-899B-F6E93511C30D' AS UNIQUEIDENTIFIER), 507, 'PA', 'Panamá', GETDATE(), GETDATE()),
	(CAST('5657D494-2BF4-40E8-BE04-8F79D98AB113' AS UNIQUEIDENTIFIER), 1, 'DO', 'República Dominicana', GETDATE(), GETDATE()),
	(CAST('7D102252-3E1A-4407-92FA-717C0A4248F0' AS UNIQUEIDENTIFIER), 503, 'SV', 'El Salvador', GETDATE(), GETDATE()),
	(CAST('3F15626B-6FDF-4C82-AAD9-028958B20FE5' AS UNIQUEIDENTIFIER), 504, 'HN', 'Honduras', GETDATE(), GETDATE()),
	(CAST('2E7F79D4-8DE2-4BCB-A7AB-DA0CF446429A' AS UNIQUEIDENTIFIER), 505, 'NI', 'Nicaragua', GETDATE(), GETDATE()),
	(CAST('6A486A01-8EEC-4DF1-A2C4-675750AB8E31' AS UNIQUEIDENTIFIER), 502, 'GT', 'Guatemala', GETDATE(), GETDATE()),
	(CAST('81D6CC41-33D5-4C33-8CB1-3DBCE95F64F7' AS UNIQUEIDENTIFIER), 53, 'CU', 'Cuba', GETDATE(), GETDATE()),
	(CAST('124D8DB7-278F-46CA-8D81-97AE9A5F0FB0' AS UNIQUEIDENTIFIER), 509, 'HT', 'Haití', GETDATE(), GETDATE()),
	(CAST('9914474D-4F60-49D8-955D-7B633E57653E' AS UNIQUEIDENTIFIER), 1, 'PR', 'Puerto Rico', GETDATE(), GETDATE()),
	(CAST('A9A6027E-B8C4-479F-8D01-C77649323DDB' AS UNIQUEIDENTIFIER), 1, 'JM', 'Jamaica', GETDATE(), GETDATE()),
	(CAST('3CCC03AB-B21C-4D57-9F3F-F727AFB66BF6' AS UNIQUEIDENTIFIER), 1, 'TT', 'Trinidad y Tobago', GETDATE(), GETDATE()),
	(CAST('01A0D398-CBB5-4483-8B42-9C9F0FAFA848' AS UNIQUEIDENTIFIER), 501, 'BZ', 'Belice', GETDATE(), GETDATE()),
	(CAST('57AFDA6B-414E-45BD-AACF-32CE0D90544F' AS UNIQUEIDENTIFIER), 592, 'GY', 'Guyana', GETDATE(), GETDATE()),
	(CAST('F4E4FC17-85A8-40C9-A903-05B390034427' AS UNIQUEIDENTIFIER), 597, 'SR', 'Surinam', GETDATE(), GETDATE()),
	(CAST('CF41AC92-4A7E-4744-A48F-3D0A25B4471E' AS UNIQUEIDENTIFIER), 594, 'GF', 'Guayana Francesa', GETDATE(), GETDATE());

INSERT Provinces
	(Id, AreaCode, Code, Name, CountryId, CreatedAt, UpdatedAt)
VALUES
	(CAST('4AE50DD2-DF64-4B66-9014-1FB32F17BCE1' AS UNIQUEIDENTIFIER), 11, 1, 'Buenos Aires', CAST('FF67F5DA-3F93-4DF6-B14F-77D46E9B71DC' AS UNIQUEIDENTIFIER), GETDATE(), GETDATE()),
	(CAST('C0C72EDD-ED38-4B5A-80A0-B71F2F492C15' AS UNIQUEIDENTIFIER), 383, 2, 'Catamarca', CAST('FF67F5DA-3F93-4DF6-B14F-77D46E9B71DC' AS UNIQUEIDENTIFIER), GETDATE(), GETDATE()),
	(CAST('8407683B-B936-4E03-A784-B32E83699959' AS UNIQUEIDENTIFIER), 362, 3, 'Chaco', CAST('FF67F5DA-3F93-4DF6-B14F-77D46E9B71DC' AS UNIQUEIDENTIFIER), GETDATE(), GETDATE()),
	(CAST('26369080-13BA-45DF-896E-80660CED4C78' AS UNIQUEIDENTIFIER), 2965, 4, 'Chubut', CAST('FF67F5DA-3F93-4DF6-B14F-77D46E9B71DC' AS UNIQUEIDENTIFIER), GETDATE(), GETDATE()),
	(CAST('4B9ADC54-EE3C-41D2-B949-44CBD32A6F09' AS UNIQUEIDENTIFIER), 351, 5, 'Córdoba', CAST('FF67F5DA-3F93-4DF6-B14F-77D46E9B71DC' AS UNIQUEIDENTIFIER), GETDATE(), GETDATE()),
	(CAST('983A887A-1A73-41F4-B621-E10C7F2B9F83' AS UNIQUEIDENTIFIER), 379, 6, 'Corrientes', CAST('FF67F5DA-3F93-4DF6-B14F-77D46E9B71DC' AS UNIQUEIDENTIFIER), GETDATE(), GETDATE()),
	(CAST('BCE44A8D-CD65-4CA5-A82E-16452EF186DD' AS UNIQUEIDENTIFIER), 343, 7, 'Entre Ríos', CAST('FF67F5DA-3F93-4DF6-B14F-77D46E9B71DC' AS UNIQUEIDENTIFIER), GETDATE(), GETDATE()),
	(CAST('5E476A03-193A-4B2B-BB46-8563B4478305' AS UNIQUEIDENTIFIER), 370, 8, 'Formosa', CAST('FF67F5DA-3F93-4DF6-B14F-77D46E9B71DC' AS UNIQUEIDENTIFIER), GETDATE(), GETDATE()),
	(CAST('88A07129-9330-46A6-9FD3-BB0160BC76E5' AS UNIQUEIDENTIFIER), 388, 9, 'Jujuy', CAST('FF67F5DA-3F93-4DF6-B14F-77D46E9B71DC' AS UNIQUEIDENTIFIER), GETDATE(), GETDATE()),
	(CAST('886E97AC-4D49-4CE6-BEE4-8FB161686504' AS UNIQUEIDENTIFIER), 2954, 10, 'La Pampa', CAST('FF67F5DA-3F93-4DF6-B14F-77D46E9B71DC' AS UNIQUEIDENTIFIER), GETDATE(), GETDATE()),
	(CAST('29C9A59A-1F3A-49B9-A393-E80ED417E14B' AS UNIQUEIDENTIFIER), 380, 11, 'La Rioja', CAST('FF67F5DA-3F93-4DF6-B14F-77D46E9B71DC' AS UNIQUEIDENTIFIER), GETDATE(), GETDATE()),
	(CAST('ECEE1EA3-A3DD-458E-8939-6F4D26252612' AS UNIQUEIDENTIFIER), 261, 12, 'Mendoza', CAST('FF67F5DA-3F93-4DF6-B14F-77D46E9B71DC' AS UNIQUEIDENTIFIER), GETDATE(), GETDATE()),
	(CAST('B0222C29-BCC9-4734-802D-BA0865F5E59B' AS UNIQUEIDENTIFIER), 376, 13, 'Misiones', CAST('FF67F5DA-3F93-4DF6-B14F-77D46E9B71DC' AS UNIQUEIDENTIFIER), GETDATE(), GETDATE()),
	(CAST('F6E9841A-ACB0-4122-8A96-8976888293D4' AS UNIQUEIDENTIFIER), 299, 14, 'Neuquén', CAST('FF67F5DA-3F93-4DF6-B14F-77D46E9B71DC' AS UNIQUEIDENTIFIER), GETDATE(), GETDATE()),
	(CAST('798E3270-D9FD-406A-A17E-7DDA807F7868' AS UNIQUEIDENTIFIER), 294, 15, 'Río Negro', CAST('FF67F5DA-3F93-4DF6-B14F-77D46E9B71DC' AS UNIQUEIDENTIFIER), GETDATE(), GETDATE()),
	(CAST('6FB97524-B9CC-41DF-9DF8-9075A77BA2CC' AS UNIQUEIDENTIFIER), 387, 16, 'Salta', CAST('FF67F5DA-3F93-4DF6-B14F-77D46E9B71DC' AS UNIQUEIDENTIFIER), GETDATE(), GETDATE()),
	(CAST('CAB76B13-F972-4C63-9122-4972C9FDD432' AS UNIQUEIDENTIFIER), 264, 17, 'San Juan', CAST('FF67F5DA-3F93-4DF6-B14F-77D46E9B71DC' AS UNIQUEIDENTIFIER), GETDATE(), GETDATE()),
	(CAST('3A1FF012-424A-4A1F-8AC4-7B4BBCABC2AB' AS UNIQUEIDENTIFIER), 266, 18, 'San Luis', CAST('FF67F5DA-3F93-4DF6-B14F-77D46E9B71DC' AS UNIQUEIDENTIFIER), GETDATE(), GETDATE()),
	(CAST('4D58FAE4-B10D-4113-8E34-4B226972F296' AS UNIQUEIDENTIFIER), 2966, 19, 'Santa Cruz', CAST('FF67F5DA-3F93-4DF6-B14F-77D46E9B71DC' AS UNIQUEIDENTIFIER), GETDATE(), GETDATE()),
	(CAST('230F05AF-FACA-4ED0-A432-240EE53A72E6' AS UNIQUEIDENTIFIER), 342, 20, 'Santa Fe', CAST('FF67F5DA-3F93-4DF6-B14F-77D46E9B71DC' AS UNIQUEIDENTIFIER), GETDATE(), GETDATE()),
	(CAST('91A44633-DE62-482D-8E19-19DA691BB1D7' AS UNIQUEIDENTIFIER), 385, 21, 'Santiago del Estero', CAST('FF67F5DA-3F93-4DF6-B14F-77D46E9B71DC' AS UNIQUEIDENTIFIER), GETDATE(), GETDATE()),
	(CAST('21412CB9-4AB1-40C9-B97C-1D69CF324750' AS UNIQUEIDENTIFIER), 2901, 22, 'Tierra del Fuego', CAST('FF67F5DA-3F93-4DF6-B14F-77D46E9B71DC' AS UNIQUEIDENTIFIER), GETDATE(), GETDATE()),
	(CAST('BD0CFD20-C5F4-4ADD-A0EF-E2C8038724E0' AS UNIQUEIDENTIFIER), 381, 23, 'Tucumán', CAST('FF67F5DA-3F93-4DF6-B14F-77D46E9B71DC' AS UNIQUEIDENTIFIER), GETDATE(), GETDATE()),
	(CAST('213EB588-251E-41A0-9DE7-801738466CCE' AS UNIQUEIDENTIFIER), 11, 24, 'Ciudad Autónoma de Buenos Aires', CAST('FF67F5DA-3F93-4DF6-B14F-77D46E9B71DC' AS UNIQUEIDENTIFIER), GETDATE(), GETDATE());

INSERT Cities
	(AreaCode, Name, ProvinceId, CreatedAt, UpdatedAt)
VALUES
	(CAST('C647ED6E-D4A0-4F7F-A7A2-A7745DDDFC62' AS UNIQUEIDENTIFIER), 11, 'Buenos Aires (Capital Federal)', CAST('213EB588-251E-41A0-9DE7-801738466CCE' AS UNIQUEIDENTIFIER), GETDATE(), GETDATE()),
	(CAST('F83734FD-D8DB-445B-9ED7-69D763642B25' AS UNIQUEIDENTIFIER), 11, 'Palermo', CAST('213EB588-251E-41A0-9DE7-801738466CCE' AS UNIQUEIDENTIFIER), GETDATE(), GETDATE()),
	(CAST('76FE863C-9B8E-45CD-BE17-19AA129EBF30' AS UNIQUEIDENTIFIER), 11, 'Belgrano', CAST('213EB588-251E-41A0-9DE7-801738466CCE' AS UNIQUEIDENTIFIER), GETDATE(), GETDATE()),
	(CAST('F9EF9CD0-3379-49C4-B539-5A8C5F6DF29B' AS UNIQUEIDENTIFIER), 11, 'Recoleta', CAST('213EB588-251E-41A0-9DE7-801738466CCE' AS UNIQUEIDENTIFIER), GETDATE(), GETDATE()),
	(CAST('2FBAA935-CE30-4EBF-A53D-6AA088DEF144' AS UNIQUEIDENTIFIER), 11, 'San Telmo', CAST('213EB588-251E-41A0-9DE7-801738466CCE' AS UNIQUEIDENTIFIER), GETDATE(), GETDATE()),
	(CAST('29DFBCA9-041A-403A-9E4A-D81DD22951B8' AS UNIQUEIDENTIFIER), 221, 'La Plata', CAST('4AE50DD2-DF64-4B66-9014-1FB32F17BCE1' AS UNIQUEIDENTIFIER), GETDATE(), GETDATE()),
	(CAST('5AC91096-97AD-420E-A3FA-38BB6E38D95B' AS UNIQUEIDENTIFIER), 223, 'Mar del Plata', CAST('4AE50DD2-DF64-4B66-9014-1FB32F17BCE1' AS UNIQUEIDENTIFIER), GETDATE(), GETDATE()),
	(CAST('A9766A9C-E143-44B9-BA05-D85A2F5F5FB9' AS UNIQUEIDENTIFIER), 291, 'Bahía Blanca', CAST('4AE50DD2-DF64-4B66-9014-1FB32F17BCE1' AS UNIQUEIDENTIFIER), GETDATE(), GETDATE()),
	(CAST('660EB6A4-C0C2-4045-8F7D-AC1334916512' AS UNIQUEIDENTIFIER), 2322, 'Pilar', CAST('4AE50DD2-DF64-4B66-9014-1FB32F17BCE1' AS UNIQUEIDENTIFIER), GETDATE(), GETDATE()),
	(CAST('9B7A47D8-6048-4E1D-9AD0-ECF677FA0F4E' AS UNIQUEIDENTIFIER), 3329, 'Tigre', CAST('4AE50DD2-DF64-4B66-9014-1FB32F17BCE1' AS UNIQUEIDENTIFIER), GETDATE(), GETDATE());

INSERT Branches
	(Id, Code, Name, BranchType, CityId, CreatedAt, UpdatedAt)
VALUES
	(CAST('C3A86929-E5A1-419B-8FBA-A786DB79623A' AS UNIQUEIDENTIFIER), 'AR-1-1S', 'Tienda Gaia CABA', 'Store', CAST('C647ED6E-D4A0-4F7F-A7A2-A7745DDDFC62' AS UNIQUEIDENTIFIER), GETDATE(), GETDATE()),
	(CAST('FB45653D-DDE6-44BA-9FEC-37DF2185D715' AS UNIQUEIDENTIFIER), 'AR-1-2S', 'Tienda Gaia Belgrano', 'Store', CAST('76FE863C-9B8E-45CD-BE17-19AA129EBF30' AS UNIQUEIDENTIFIER), GETDATE(), GETDATE()),
	(CAST('9809540F-8EC6-4BC7-9F6A-D4B49D91CB96' AS UNIQUEIDENTIFIER), 'AR-24-1D', 'Depósito Gaia Tigre', 'Deposit', CAST('9B7A47D8-6048-4E1D-9AD0-ECF677FA0F4E' AS UNIQUEIDENTIFIER), GETDATE(), GETDATE()),
	(CAST('042EAFC9-9DB2-45AD-A406-F8AB63B7012A' AS UNIQUEIDENTIFIER), 'AR-24-2D', 'Depósito Gaia La Plata', 'Deposit', CAST('29DFBCA9-041A-403A-9E4A-D81DD22951B8' AS UNIQUEIDENTIFIER), GETDATE(), GETDATE()),
	(CAST('AA0E3F35-FDB0-4F75-BB37-3A109BEDDF20' AS UNIQUEIDENTIFIER), 'AR-24-3D', 'Depósito Gaia Pilar', 'Deposit', CAST('660EB6A4-C0C2-4045-8F7D-AC1334916512' AS UNIQUEIDENTIFIER), GETDATE(), GETDATE()),
	(CAST('47DE0E61-1A7B-45DB-82E5-7B2BFA025E03' AS UNIQUEIDENTIFIER), 'AR-24-4D', 'Depósito Gaia Mar del Plata', 'Deposit', CAST('5AC91096-97AD-420E-A3FA-38BB6E38D95B' AS UNIQUEIDENTIFIER), GETDATE(), GETDATE());

INSERT Products
	(Id, Name, Description, Price, CreatedAt, UpdatedAt)
VALUES
	(CAST('C3E8D027-1F01-4062-9757-BBDBA7BD02A8' AS UNIQUEIDENTIFIER), 'Loción Kenzo Pure Home 100ml', '', 2300, GETDATE(), GETDATE()),
	(CAST('68B1E9EF-D8B8-4F4A-B9D1-06F84E8693E0' AS UNIQUEIDENTIFIER), 'Loción Invictus 100ml', '', 2300, GETDATE(), GETDATE()),
	(CAST('BF543245-6B1F-492B-9097-DFD8D040EEBB' AS UNIQUEIDENTIFIER), 'Loción Dior Sauvage 100ml', '', 2300, GETDATE(), GETDATE()),
	(CAST('8F518E41-13C7-4106-B532-DE737DFB8D19' AS UNIQUEIDENTIFIER), 'Loción Gucci Bloom 100ml', '', 2300, GETDATE(), GETDATE()),
	(CAST('171ECFAA-0AB6-4D85-A7A5-50D72EC1A7C1' AS UNIQUEIDENTIFIER), 'Loción Tom Ford Black Orchid 100ml', '', 2300, GETDATE(), GETDATE()),
	(CAST('D538DD15-391E-4325-9360-971F1A5F11D6' AS UNIQUEIDENTIFIER), 'Loción Dolce & Gabbana Light Blue 100ml', '', 2300, GETDATE(), GETDATE()),
	(CAST('49C3B260-CAC3-40B1-831A-BC51F845661E' AS UNIQUEIDENTIFIER), 'Loción Jean Paul Gaultier Le Male 100ml', '', 2300, GETDATE(), GETDATE()),
	(CAST('2ABA1432-315F-4383-B22B-EB00286D4596' AS UNIQUEIDENTIFIER), 'Loción Yves Saint Laurent Black Opium 100ml', '', 2300, GETDATE(), GETDATE()),
	(CAST('D2C90BE3-5C67-46AD-B49A-A9B0353E4FA9' AS UNIQUEIDENTIFIER), 'Loción Carolina Herrera Good Girl 100ml', '', 2300, GETDATE(), GETDATE()),
	(CAST('31EF0381-30B4-4C12-A916-BBE443AFC167' AS UNIQUEIDENTIFIER), 'Loción Paco Rabanne 1 Million 100ml', '', 2300, GETDATE(), GETDATE()),
	(CAST('82148B7D-006B-4BFA-B066-266353326957' AS UNIQUEIDENTIFIER), 'Loción Viktor & Rolf Flowerbomb 100ml', '', 2300, GETDATE(), GETDATE());

INSERT Users
	(Id, Email, Password, Name, LastName, CreatedAt, UpdatedAt)
VALUES
	(CAST('5A5D5C27-6FB8-44E9-AE04-F2B7AB274281' AS UNIQUEIDENTIFIER), 'rodrigomungo@gmail.com', '1234', 'Rodrigo', 'Mungo', GETDATE(), GETDATE());

SELECT * FROM Countries;
SELECT * FROM Provinces;
SELECT * FROM Cities;
SELECT * FROM Branches;
SELECT * FROM Products;
SELECT * FROM Users;